1;10100;10101;ALTAGRACIA
1;10100;10102;ANTÍMANO
1;10100;10103;CANDELARIA
1;10100;10104;CARICUAO
1;10100;10105;CATEDRAL
1;10100;10106;COCHE
1;10100;10107;EL JUNQUITO
1;10100;10108;EL PARAÍSO
1;10100;10109;EL RECREO
1;10100;10110;EL VALLE
1;10100;10111;LA PASTORA
1;10100;10112;LA VEGA
1;10100;10113;MACARAO
1;10100;10114;SAN AGUSTÍN
1;10100;10115;SAN BERNARDINO
1;10100;10116;SAN JOSÉ
1;10100;10117;SAN JUAN
1;10100;10118;SAN PEDRO
1;10100;10119;SANTA ROSALÍA
1;10100;10120;SANTA TERESA
1;10100;10121;SUCRE
1;10100;10122;23 DE ENERO
2;20100;20101;HUACHAMACARE
2;20100;20102;MARAWAKA
2;20100;20103;MAVACA
2;20100;20104;SIERRA PARIMA
2;20200;20201;UCATA
2;20200;20202;YAPACANA
2;20200;20203;CANAME
2;20300;20301;FERNANDO GIRÓN TOVAR
2;20300;20302;LUIS ALBERTO GÓMEZ
2;20300;20303;PARHUEÑA
2;20300;20304;PLATANILLA
2;20400;20401;SAMARIAPO
2;20400;20402;SIPAPO
2;20400;20403;MUNDUAPO
2;20400;20404;GUAYAPO
2;20500;20501;VICTORINO
2;20500;20502;COMUNIDAD
2;20600;20601;ALTO VENTUARI
2;20600;20602;MEDIO VENTUARI
2;20600;20603;BAJO VENTUARI
2;20700;20701;SOLANO
2;20700;20702;CASIQUIARE
2;20700;20703;COCUY
3;30100;30101;CAPITAL ANACO
3;30100;30102;SAN JOAQUÍN
3;30200;30201;CAPITAL ARAGUA
3;30200;30202;CACHIPO
3;30300;30301;CAPITAL FERNANDO DE PEÑALVER
3;30300;30302;SAN MIGUEL
3;30300;30303;SUCRE
3;30400;30401;CAPITAL FRANCISCO DEL CARMEN CARVAJAL
3;30400;30402;SANTA BÁRBARA
3;30500;30501;CAPITAL FRANCISCO DE MIRANDA
3;30500;30502;ATAPIRIRE
3;30500;30503;BOCA DEL PAO
3;30500;30504;EL PAO
3;30500;30505;MÁCURA
3;30600;30601;CAPITAL GUANTA
3;30600;30602;CHORRERÓN
3;30700;30701;CAPITAL INDEPENDENCIA
3;30700;30702;MAMO
3;30800;30801;CAPITAL PUERTO LA CRUZ
3;30800;30802;POZUELOS
3;30900;30901;CAPITAL JUAN MANUEL CAJIGAL
3;30900;30902;SAN PABLO
3;31000;31001;CAPITAL JOSÉ GREGORIO MONAGAS
3;31000;31002;PIAR
3;31000;31003;SAN DIEGO DE CABRUTICA
3;31000;31004;SANTA CLARA
3;31000;31005;UVERITO
3;31000;31006;ZUATA
3;31100;31101;CAPITAL LIBERTAD
3;31100;31102;EL CARITO
3;31100;31103;SANTA INÉS
3;31200;31201;CAPITAL MANUEL EZEQUIEL BRUZUAL
3;31200;31202;GUANAPE
3;31200;31203;SABANA DE UCHIRE
3;31300;31301;CAPITAL PEDRO MARÍA FREITES
3;31300;31302;LIBERTADOR
3;31300;31303;SANTA ROSA
3;31300;31304;URICA
3;31400;31401;CAPITAL PÍRITU
3;31400;31402;SAN FRANCISCO
3;31500;31501;CM SAN JOSÉ DE GUANIPA
3;31600;31601;CAPITAL SAN JUAN DE CAPISTRANO
3;31600;31602;BOCA DE CHÁVEZ
3;31700;31701;CAPITAL SANTA ANA
3;31700;31702;PUEBLO NUEVO
3;31800;31801;EL CARMEN
3;31800;31802;SAN CRISTÓBAL
3;31800;31803;BERGANTÍN
3;31800;31804;CAIGUA
3;31800;31805;EL PILAR
3;31800;31806;NARICUAL
3;31900;31901;EDMUNDO BARRIOS
3;31900;31902;MIGUEL OTERO SILVA
3;32000;32001;CAPITAL SIR ARTHUR MC GREGOR
3;32000;32002;TOMAS ALFARO CALATRAVA
3;32100;32101;CAPITAL DIEGO BAUTISTA URBANEJA
3;32100;32102;EL MORRO
4;40100;40101;URBANA ACHAGUAS
4;40100;40102;APURITO
4;40100;40103;EL YAGUAL
4;40100;40104;GUACHARA
4;40100;40105;MUCURITAS
4;40100;40106;QUESERAS DEL MEDIO
4;40200;40201;URBANA BIRUACA
4;40300;40301;URBANA BRUZUAL
4;40300;40302;MANTECAL
4;40300;40303;QUINTERO
4;40300;40304;RINCÓN HONDO
4;40300;40305;SAN VICENTE
4;40400;40401;URBANA GUASDUALITO
4;40400;40402;ARISMENDI
4;40400;40403;EL AMPARO
4;40400;40404;SAN CAMILO
4;40400;40405;URDANETA
4;40500;40501;URBANA SAN JUAN DE PAYARA
4;40500;40502;CODAZZI
4;40500;40503;CUNAVICHE
4;40600;40601;URBANA ELORZA
4;40600;40602;LA TRINIDAD
4;40700;40701;URBANA SAN FERNANDO
4;40700;40702;EL RECREO
4;40700;40703;PEÑALVER
4;40700;40704;SAN RAFAEL DE ATAMAICA
5;50100;50101;CM SAN MATEO
5;50200;50201;CAMATAGUA
5;50200;50202;CARMEN DE CURA
5;50300;50301;CHORONÍ
5;50300;50302;ANDRÉS ELOY BLANCO
5;50300;50303;JOAQUÍN CRESPO
5;50300;50304;JOSÉ CASANOVA GODOY
5;50300;50305;LAS DELICIAS
5;50300;50306;LOS TACARIGUAS
5;50300;50307;MADRE MARÍA DE SAN JOSÉ
5;50300;50308;JOSÉ PEDRO OVALLES
5;50400;50401;CM SANTA CRUZ
5;50500;50501;CASTOR NIENES RÍOS
5;50500;50502;LA GUACAMAYA
5;50500;50503;PAO DE ZÁRATE
5;50500;50504;URBANA ZUATA
5;50500;50505;JUAN VICENTE BOLÍVAR
5;50600;50601;CM EL CONSEJO
5;50700;50701;LIBERTADOR
5;50700;50702;SAN MARTÍN DE PORRAS
5;50800;50801;CAÑA DE AZÚCAR
5;50800;50802;MARIO BRICEÑO IRAGORRY
5;50900;50901;GÜIRIPA
5;50900;50902;OLLAS DE CARAMACATE
5;50900;50903;VALLE MORÍN
5;50900;50904;SAN CASIMIRO
5;51000;51101;CM SAN SEBASTIÁN
5;51100;51101;ALFREDO PACHECO MIRANDA
5;51100;51102;ARÉVALO APONTE
5;51100;51103;CHUAO
5;51100;51104;SAMÁN DE GUERE
5;51100;51105;SANTIGO MARIÑO
5;51200;51201;TIARA
5;51200;51202;SANTOS MICHELENA
5;51300;51301;BELLA VISTA
5;51300;51302;SUCRE
5;51400;51401;LA COLONIA TOVAR
5;51500;51501;LAS PEÑITAS
5;51500;51502;SAN FRANCISCO DE CARA
5;51500;51503;TAGUAY
5;51500;51504;URDANETA
5;51600;51601;AUGUSTO MIJARES
5;51600;51602;SAN FRANCISCO DE ASÍS
5;51600;51603;VALLES DE TUCUNEMO
5;51600;51604;MAGDALENO
5;51600;51605;ZAMORA
5;51700;51701;MONSEÑOR FELICIANO GONZÁLEZ
5;51700;51702;FRANCISCO LINARES ALCÁNTARA
5;51700;51703;FRANCISCO DE MIRANDA
5;51800;51801;OCUMARE DE LA COSTA
6;60100;60101;SABANETA
6;60100;60102;RODRÍGUEZ DOMÍNGUEZ
6;60200;60201;TICOPORO
6;60200;60202;ANDRÉS BELLO
6;60200;60203;NICOLÁS PULIDO
6;60300;60301;ARISMENDI
6;60300;60302;GUADARRAMA
6;60300;60303;LA UNIÓN
6;60300;60304;SAN ANTONIO
6;60400;60401;BARINAS
6;60400;60402;ALFREDO ARVELO LARRIVA
6;60400;60403;SAN SILVESTRE
6;60400;60404;SANTA INÉS
6;60400;60405;SANTA LUCÍA
6;60400;60406;TORUNOS
6;60400;60407;EL CARMEN
6;60400;60408;RÓMULO BETANCOURT
6;60400;60409;CORAZÓN DE JESÚS
6;60400;60410;RAMÓN IGNACIO MÉNDEZ
6;60400;60411;ALTO BARINAS
6;60400;60412;MANUEL PALACIO FAJARDO
6;60400;60413;JUAN ANTONIO RODRÍGUEZ DOMÍNGUEZ
6;60400;60414;DOMINGA ORTIZ DE PÁEZ
6;60500;60501;BARINITAS
6;60500;60502;ALTAMIRA
6;60500;60503;CALDERAS
6;60600;60601;BARRANCAS
6;60600;60602;EL SOCORRO
6;60600;60603;MASPARRITO
6;60700;60701;SANTA BÁRBARA
6;60700;60702;JOSÉ IGNACIO DEL PUMAR
6;60700;60703;PEDRO BRICEÑO MÉNDEZ
6;60700;60704;RAMÓN IGNACIO MÉNDEZ
6;60800;60801;OBISPOS
6;60800;60802;EL REAL
6;60800;60803;LA LUZ
6;60800;60804;LOS GUASIMITOS
6;60900;60901;CIUDAD BOLIVIA
6;60900;60902;IGNACIO BRICEÑO
6;60900;60903;JOSÉ FÉLIX RIBAS
6;60900;60904;PÁEZ
6;61000;61001;LIBERTAD
6;61000;61002;DOLORES
6;61000;61003;PALACIOS FAJARDO
6;61000;61004;SANTA ROSA
6;61000;61005;SIMÓN RODRÍGUEZ
6;61100;61101;CIUDAD DE NUTRIAS
6;61100;61102;EL REGALO
6;61100;61103;PUERTO DE NUTRIAS
6;61100;61104;SANTA CATALINA
6;61100;61105;SIMÓN BOLÍVAR
6;61200;61201;EL CANTÓN
6;61200;61202;SANTA CRUZ DE GUACAS
6;61200;61203;PUERTO VIVAS
7;70100;70101;CACHAMAY
7;70100;70102;CHIRICA
7;70100;70103;DALLA COSTA
7;70100;70104;ONCE DE ABRIL
7;70100;70105;SIMÓN BOLÍVAR
7;70100;70106;UNARE
7;70100;70107;UNIVERSIDAD
7;70100;70108;VISTA AL SOL
7;70100;70109;POZO VERDE
7;70100;70110;YOCOIMA
7;70200;70201;SECCIÓN CAPITAL CEDEÑO
7;70200;70202;ALTAGRACIA
7;70200;70203;ASCENSIÓN FARRERAS
7;70200;70204;GUANIAMO
7;70200;70205;LA URBANA
7;70200;70206;PIJIGUAOS
7;70400;70401;SECCIÓN CAPITAL GRAN SABANA
7;70400;70402;IKABARÚ
7;70500;70501;AGUA SALADA
7;70500;70502;CATEDRAL
7;70500;70503;JOSÉ ANTONIO PÁEZ
7;70500;70504;LA SABANITA
7;70500;70505;MARHUANTA
7;70500;70506;VISTA HERMOSA
7;70500;70507;ORINOCO
7;70500;70508;PANAPANA
7;70500;70509;ZEA
7;70600;70601;SECCIÓN CAPITAL PIAR
7;70600;70602;ANDRÉS ELOY BLANCO
7;70600;70603;PEDRO COVA
7;70700;70701;SECCIÓN CAPITAL RAÚL LEONI
7;70700;70702;BARCELONETA
7;70700;70703;SAN FRANCISCO
7;70700;70704;SANTA BÁRBARA
7;70800;70801;SECCIÓN CAPITAL ROSCIO
7;70800;70802;SALOM
7;70900;70901;SECCIÓN CAPITAL SIFONTES
7;70900;70902;DALLA COSTA
7;70900;70903;SAN ISIDRO
7;71000;71001;SECCIÓN CAPITAL SUCRE
7;71000;71002;ARIPAO
7;71000;71003;GUARATARO
7;71000;71004;LAS MAJADAS
7;71000;71005;MOITACO
8;80100;80101;URBANA BEJUMA
8;80100;80102;NO URBANA CANOABO
8;80100;80103;NO URBANA SIMÓN BOLÍVAR
8;80200;80201;URBANA GUIGUE
8;80200;80202;NO URBANA BELÉN
8;80200;80203;NO URBANA TACARIGUA
8;80300;80301;URBANA AGUAS CALIENTES
8;80300;80302;URBANA MARIARA
8;80400;80401;URBANA CIUDAD ALIANZA
8;80400;80402;URBANA GUACARA
8;80400;80403;NO URBANA YAGUA
8;80500;80501;URBANA MORÓN
8;80500;80502;NO URBANA URAMA
8;80600;80601;URBANA TOCUYITO
8;80600;80602;URBANA INDEPENDENCIA
8;80700;80701;URBANA LOS GUAYOS
8;80800;80801;URBANA MIRANDA
8;80900;80901;URBANA MONTALBÁN
8;81000;81001;URBANA NAGUANAGUA
8;81100;81101;URBANA BARTOLOMÉ SALOM
8;81100;81102;URBANA DEMOCRACIA
8;81100;81103;URBANA FRATERNIDAD
8;81100;81104;URBANA GOAIGOAZA
8;81100;81105;URBANA JUAN JOSÉ FLORES
8;81100;81106;URBANA UNIÓN
8;81100;81107;NO URBANA BORBURATA
8;81100;81108;NO URBANA PATANEMO
8;81200;81201;URBANA SAN DIEGO
8;81300;81301;URBANA SAN JOAQUÍN
8;81400;81401;URBANA CANDELARIA
8;81400;81402;URBANA CATEDRAL
8;81400;81403;URBANA EL SOCORRO
8;81400;81404;URBANA MIGUEL PEÑA
8;81400;81405;URBANA RAFAEL URDANETA
8;81400;81406;URBANA SAN BLAS
8;81400;81407;URBANA SAN JOSÉ
8;81400;81408;URBANA SANTA ROSA
8;81400;81409;NO URBANA NEGRO PRIMERO
9;90100;90101;COJEDES
9;90100;90102;JUAN DE MATA SUÁREZ
9;90200;90201;TINAQUILLO
9;90300;90301;EL BAÚL
9;90300;90302;SUCRE
9;90400;90401;MACAPO
9;90400;90402;LA AGUADITA
9;90500;90501;EL PAO
9;90600;90601;LIBERTAD DE COJEDES
9;90600;90602;EL AMPARO
9;90700;90701;RÓMULO GALLEGOS
9;90800;90801;SAN CARLOS DE AUSTRIA
9;90800;90802;JUAN ÁNGEL BRAVO
9;90800;90803;MANUEL MANRIQUE
9;90900;90901;GENERAL EN JEFE JOSÉ LAURENCIO SILVA
10;100100;100101;CURIAPO
10;100100;100102;ALMIRANTE LUIS BRIÓN
10;100100;100103;FRANCISCO ANICETO LUGO
10;100100;100104;MANUEL RENAUD
10;100100;100105;PADRE BARRAL
10;100100;100106;SANTOS DE ABELGAS
10;100200;100201;IMATACA
10;100200;100202;CINCO DE JULIO
10;100200;100203;JUAN BAUTISTA ARISMENDI
10;100200;100204;MANUEL PIAR
10;100200;100205;RÓMULO GALLEGOS
10;100300;100301;PEDERNALES
10;100300;100302;LUIS BELTRÁN PRIETO FIGUEROA
10;100400;100401;SAN JOSÉ
10;100400;100402;JOSÉ VIDAL MARCANO
10;100400;100403;JUAN MILLÁN
10;100400;100404;LEONARDO RUÍZ PINEDA
10;100400;100405;MARISCAL ANTONIO JOSÉ DE SUCRE
10;100400;100406;MONSEÑOR ARGIMIRO GARCÍA
10;100400;100407;SAN RAFAEL
10;100400;100408;VIRGEN DEL VALLE
11;110100;110101;SAN JUAN DE LOS CAYOS
11;110100;110102;CAPADARE
11;110100;110103;LA PASTORA
11;110100;110104;LIBERTADOR
11;110200;110201;SAN LUIS
11;110200;110202;ARACUA
11;110200;110203;LA PEÑA
11;110300;110301;CAPATÁRIDA
11;110300;110302;BARIRO
11;110300;110303;BOROJÓ
11;110300;110304;GUAJIRO
11;110300;110305;SEQUE
11;110300;110306;ZAZÁRIDA
11;110400;110401;CM YARACAL
11;110500;110501;CARIRUBANA
11;110500;110502;NORTE
11;110500;110503;PUNTA CARDÓN
11;110500;110504;SANTA ANA
11;110600;110601;LA VELA DE CORO
11;110600;110602;ACURIGUA
11;110600;110603;GUAIBACOA
11;110600;110604;LAS CALDERAS
11;110600;110605;MACORUCA
11;110700;110701;CM DABAJURO
11;110800;110801;PEDREGAL
11;110800;110802;AGUA CLARA
11;110800;110803;AVARIA
11;110800;110804;PIEDRA GRANDE
11;110800;110805;PURURECHE
11;110900;110901;PUEBLO NUEVO
11;110900;110902;ADÍCORA
11;110900;110903;BARAIVED
11;110900;110904;BUENA VISTA
11;110900;110905;JADACAQUIVA
11;110900;110906;MORUY
11;110900;110907;ADAURE
11;110900;110908;EL HATO
11;110900;110909;EL VÍNCULO
11;111000;111001;CHURUGUARA
11;111000;111002;AGUA LARGA
11;111000;111003;EL PAUJÍ
11;111000;111004;INDEPENDENCIA
11;111000;111005;MAPARARÁ
11;111000;111101;JACURA
11;111000;111102;AGUA LINDA
11;111000;111103;ARAURIMA
11;111100;111101;AGUA LINDA
11;111100;111102;ARAURIMA
11;111100;111103;JACURA
11;111200;111201;LOS TAQUES
11;111200;111202;JUDIBANA
11;111300;111301;MENE DE MAUROA
11;111300;111302;CASIGUA
11;111300;111303;SAN FÉLIX
11;111400;111401;SAN ANTONIO
11;111400;111402;SAN GABRIEL
11;111400;111403;SANTA ANA
11;111400;111404;GUZMÁN GUILLERMO
11;111400;111405;MITARE
11;111400;111406;RÍO SECO
11;111400;111407;SABANETA
11;111500;111501;CHICHIRIVICHE
11;111500;111502;BOCA DE TOCUYO
11;111500;111503;TOCUYO DE LA COSTA
11;111700;111701;CABURÉ
11;111700;111702;COLINA
11;111700;111703;CURIMAGUA
11;111800;111801;PÍRITU
11;111800;111802;SAN JOSÉ DE LA COSTA
11;112000;112001;TUCACAS
11;112000;112002;BOCA DE AROA
11;112100;112101;SUCRE
11;112100;112102;PECAYA
11;112300;112301;SANTA CRUZ DE BUCARAL
11;112300;112302;EL CHARAL
11;112300;112303;LAS VEGAS DEL TUY
11;112400;112401;URUMACO
11;112400;112402;BRUZUAL
11;112500;112501;PUERTO CUMAREBO
11;112500;112502;LA CIÁNAGA
11;112500;112503;LA SOLEDAD
11;112500;112504;PUEBLO CUMAREBO
11;112500;112505;ZAZÁRIDA
12;120100;120101;CAPITAL CAMAGUÁN
12;120100;120102;PUERTO MIRANDA
12;120100;120103;UVERITO
12;120200;120201;CHAGUARAMAS
12;120300;120301;EL SOCORRO
12;120400;120401;CAPITAL SAN GERÓNIMO DE GUAYABAL
12;120400;120402;CAZORLA
12;120500;120501;CAPITAL VALLE DE LA PASCUA
12;120500;120502;ESPINO
12;120600;120601;CAPITAL LAS MERCEDES
12;120600;120602;CABRUTA
12;120600;120603;SANTA RITA DE MANAPIRE
12;120700;120701;CAPITAL EL SOMBRERO
12;120700;120702;SOSA
12;120800;120801;CAPITAL CALABOZO
12;120800;120802;EL CALVARIO
12;120800;120803;EL RASTRO
12;120800;120804;GUARDATINAJAS
12;141200;141213;SAGRARIO
12;120900;120901;CAPITAL ALTAGRACIA DE ORITUCO
12;120900;120902;LEZAMA
12;120900;120903;LIBERTAD DE ORITUCO
12;120900;120904;PASO REAL DE MACAIRA
12;120900;120905;SAN FRANCISCO DE MACAIRA
12;120900;120906;SAN RAFAEL DE ORITUCO
12;120900;120907;SOUBLETTE
12;121000;121001;CAPITAL ORTIZ
12;121000;121002;SAN FRANCISCO DE TIZNADO
12;121000;121003;SAN JOSÉ DE TIZNADO
12;121000;121004;SAN LORENZO DE TIZNADO
12;121100;121101;CAPITAL TUCUPIDO
12;121100;121102;SAN RAFAEL DE LAYA
12;121200;121201;CAPITAL SAN JUAN DE LOS MORROS
12;121200;121202;CANTAGALLO
12;121200;121203;PARAPARA
12;121300;121301;SAN JOSÉ DE GUARIBE
12;121400;121401;CAPITAL SANTA MARÍA DE IPIRE
12;121400;121402;ALTAMIRA
12;121500;121501;CAPITAL ZARAZA
12;121500;121502;SAN JOSÉ DE UNARE
13;130100;130101;PAO TAMAYO
13;130100;130102;QUEBRADA HONDA DE GUACHE
13;130100;130103;YACAMBÚ
13;130200;130201;FRÉITEZ
13;130200;130202;JOSÉ MARÍA BLANCO
13;130300;130301;CATEDRAL
13;130300;130302;CONCEPCIÓN
13;130300;130303;EL CUJÍ
13;130300;130304;JUAN DE VILLEGAS
13;130300;130305;SANTA ROSA
13;130300;130306;TAMACA
13;130300;130307;UNIÓN
13;130300;130308;AGUEDO FELIPE ALVARADO
13;130300;130309;BUENA VISTA
13;130300;130310;JUÁREZ
13;130400;130401;JUAN BAUTISTA RODRÍGUEZ
13;130400;130402;CUARA
13;130400;130403;DIEGO DE LOZADA
13;130400;130404;PARAÍSO DE SAN JOSÉ
13;130400;130405;SAN MIGUEL
13;130400;130406;TINTORERO
13;130400;130407;JOSÉ BERNARDO DORANTE
13;130400;130408;CORONEL MARIANO PERAZA
13;130500;130501;BOLÍVAR
13;130500;130502;ANZOÁTEGUI
13;130500;130503;GUÁRICO
13;130500;130504;HILARIO LUNA Y LUNA
13;130500;130505;HUMOCARO ALTO
13;130500;130506;HUMOCARO BAJO
13;130500;130507;LA CANDELARIA
13;130500;130508;MORÁN
13;130600;130601;CABUDARE
13;130600;130602;JOSÉ GREGORIO BASTIDAS
13;130600;130603;AGUA VIVA
13;130700;130701;SARARE
13;130700;130702;BURÍA
13;130700;130703;GUSTAVO VEGAS LEÓN
13;130800;130801;TRINIDAD SAMUEL
13;130800;130802;ANTONIO DÍAZ
13;130800;130803;CAMACARO
13;130800;130804;CASTAÑEDA
13;130800;130805;CECILIO ZUBILLAGA
13;130800;130806;CHIQUINQUIRÁ
13;130800;130807;EL BLANCO
13;130800;130808;ESPINOZA DE LOS MONTEROS
13;130800;130809;LARA
13;130800;130810;LAS MERCEDES
13;130800;130811;MANUEL MORILLO
13;130800;130812;MONTAÑA VERDE
13;130800;130813;MONTES DE OCA
13;130800;130814;TORRES
13;130800;130815;HERIBERTO ARROYO
13;130800;130816;REYES VARGAS
13;130800;130817;ALTAGRACIA
13;130900;130901;SIQUISIQUE
13;130900;130902;MOROTURO
13;130900;130903;SAN MIGUEL
13;130900;130904;XAGUAS
14;140100;140101;PRESIDENTE BETANCOURT
14;140100;140102;PRESIDENTE PÁEZ
14;140100;140103;PRESIDENTE RÓMULO GALLEGOS
14;140100;140104;GABRIEL PICÓN GONZÁLEZ
14;140100;140105;HÉCTOR AMABLE MORA
14;140100;140106;JOSÉ NUCETE SARDI
14;140100;140107;PULIDO MÉNDEZ
14;140300;140301;CAPITAL ANTONIO PINTO SALINAS
14;140300;140302;MESA BOLÍVAR
14;140300;140303;MESA DE LAS PALMAS
14;140400;140401;CAPITAL ARICAGUA
14;140400;140402;SAN ANTONIO
14;140500;140501;CAPITAL ARZOBISPO CHACÓN
14;140500;140502;CAPURÍ
14;140500;140503;CHACANTÁ
14;140500;140504;EL MOLINO
14;140500;140505;GUAIMARAL
14;140500;140506;MUCUTUY
14;140500;140507;MUCUCHACHÍ
14;140600;140601;FERNÁNDEZ PEÑA
14;140600;140602;MATRIZ
14;140600;140603;MONTALBÁN
14;140600;140604;ACEQUIAS
14;140600;140605;JAJÍ
14;140600;140606;LA MESA
14;140600;140607;SAN JOSÉ DEL SUR
14;140700;140701;CAPITAL CARACCIOLO PARRA OLMEDO
14;140700;140702;FLORENCIO RAMÍREZ
14;140800;140801;CAPITAL CARDENAL QUINTERO
14;140800;140802;LAS PIEDRAS
14;140900;140901;CAPITAL GUARAQUE
14;140900;140902;MESA DE QUINTERO
14;140900;140903;RÍO NEGRO
14;141000;141001;CAPITAL JULIO CÉSAR SALAS
14;141000;141002;PALMIRA
14;141000;141101;CAPITAL JUSTO BRICEÑO
14;141000;141102;SAN CRISTÓBAL DE TORONDOY
14;141200;141201;ANTONIO SPINETTI DINI
14;141200;141202;ARIAS
14;141200;141203;CARACCIOLO PARRA PÉREZ
14;141200;141204;DOMINGO PEÑA
14;141200;141205;EL LLANO
14;141200;141206;GONZALO PICÓN FEBRES
14;141200;141207;JACINTO PLAZA
14;141200;141208;JUAN RODRÍGUEZ SUÁREZ
14;141200;141209;LASSO DE LA VEGA
14;141200;141210;MARIANO PICÓN SALAS
14;141200;141211;MILLA
14;141200;141212;OSUNA RODRÍGUEZ
14;141200;141214;EL MORRO
14;141200;141215;LOS NEVADOS
14;141300;141301;CAPITAL MIRANDA
14;141300;141302;ANDRÉS ELOY BLANCO
14;141300;141303;LA VENTA
14;141300;141304;PIÑANGO
14;141400;141401;CAPITAL OBISPO RAMOS DE LORA
14;141400;141402;ELOY PAREDES
14;141400;141403;SAN RAFAEL DE ALCÁZAR
14;141700;141701;CAPITAL RANGEL
14;141700;141702;CACUTE
14;141700;141703;LA TOMA
14;141700;141704;MUCURUBÍ
14;141700;141705;SAN RAFAEL
14;141800;141801;CAPITAL RIVAS DÁVILA
14;141800;141802;GERÓNIMO MALDONADO
14;142000;142001;CAPITAL SUCRE
14;142000;142002;CHIGUARÍ
14;142000;142003;ESTÁNQUEZ
14;142000;142004;LA TRAMPA
14;142000;142005;PUEBLO NUEVO DEL SUR
14;142000;142006;SAN JUAN
14;142100;142101;EL AMPARO
14;142100;142102;EL LLANO
14;142100;142103;SAN FRANCISCO
14;142100;142104;TOVAR
14;142200;142201;CAPITAL TULIO FEBRES CORDERO
14;142200;142202;INDEPENDENCIA
14;142200;142203;MARÍA DE LA CONCEPCIÓN PALACIOS BLANCO
14;142200;142204;SANTA APOLONIA
14;142300;142301;CAPITAL ZEA
14;142300;142302;CAÑO EL TIGRE
15;150100;150101;CAUCAGUA
15;150100;150102;ARAGUITA
15;150100;150103;ARÉVALO GONZÁLEZ
15;150100;150104;CAPAYA
15;150100;150105;EL CAFÉ
15;150100;150106;MARIZAPA
15;150100;150107;PANAQUIRE
15;150100;150108;RIBAS
15;150200;150201;SAN JOSÉ DE BARLOVENTO
15;150200;150202;CUMBO
15;150300;150301;BARUTA
15;150300;150302;EL CAFETAL
15;150300;150303;LAS MINAS DE BARUTA
15;150400;150401;HIGUEROTE
15;150400;150402;CURIEPE
15;150400;150403;TACARIGUA
15;150500;150501;MAMPORAL
15;150500;150601;CARRIZAL
15;150700;150701;CHACAO
15;150800;150801;CHARALLAVE
15;150800;150802;LAS BRISAS
15;150900;150901;EL HATILLO
15;151000;151001;LOS TEQUES
15;151000;151002;ALTAGRACIA DE LA MONTAÑA
15;151000;151003;CECILIO ACOSTA
15;151000;151004;EL JARILLO
15;151000;151005;PARACOTOS
15;151000;151006;SAN PEDRO
15;151000;151007;TÁCATA
15;151100;151101;SANTA TERESA DEL TUY
15;151100;151102;EL CARTANAL
15;151200;151201;OCUMARE DEL TUY
15;151200;151202;LA DEMOCRACIA
15;151200;151203;SANTA BÁRBARA
15;151300;151301;SAN ANTONIO DE LOS ALTOS
15;151400;151401;RÍO CHICO
15;151400;151402;EL GUAPO
15;151400;151403;TACARIGUA DE LA LAGUNA
15;151400;151404;PÁPARO
15;151400;151405;SAN FERNANDO DEL GUAPO
15;151500;151501;SANTA LUCÍA
15;151600;151601;CÚPIRA
15;151600;151602;MACHURUCUTO
15;151700;151701;GUARENAS
15;151800;151801;SAN FRANCISCO DE YARE
15;151800;151802;SAN ANTONIO DE YARE
15;151900;151901;PETARE
15;151900;151902;CAUCAGUITA
15;151900;151903;FILA DE MARICHES
15;151900;151904;LA DOLORITA
15;151900;151905;LEONCIO MARTÍNEZ
15;152000;152001;CÚA
15;152000;152002;NUEVA CÚA
15;152100;152101;GUATIRE
15;152100;152102;BOLÍVAR
16;160100;160101;CAPITAL ACOSTA
16;160100;160102;SAN FRANCISCO
16;160400;160401;CAPITAL CARIPE
16;160400;160402;EL GUÁCHARO
16;160400;160403;LA GUANOTA
16;160400;160404;SABANA DE PIEDRA
16;160400;160405;SAN AGUSTÍN
16;160400;160406;TERESÓN
16;160500;160501;CAPITAL CEDEÑO
16;160500;160502;AREO
16;160500;160503;SAN FÉLIX
16;160500;160504;VIENTO FRESCO
16;160600;160601;CAPITAL EZEQUIEL ZAMORA
16;160600;160602;EL TEJERO
16;160700;160701;CAPITAL LIBERTADOR
16;160700;160702;CHAGUARAMAS
16;160700;160703;LAS ALHUACAS
16;160700;160704;TABASCA
16;160800;160801;CAPITAL MATURÍN
16;160800;160802;ALTO DE LOS GODOS
16;160800;160803;BOQUERÓN
16;160800;160804;LAS COCUIZAS
16;160800;160805;SAN SIMÓN
16;160800;160806;SANTA CRUZ
16;160800;160807;EL COROZO
16;160800;160808;EL FURRIAL
16;160800;160809;JUSEPÍN
16;160800;160810;LA PICA
16;160800;160811;SAN VICENTE
16;160900;160901;CAPITAL PIAR
16;160900;160902;APARICIO
16;160900;160903;CHAGUARAMAL
16;160900;160904;EL PINTO
16;160900;160905;GUANAGUANA
16;160900;160906;LA TOSCANA
16;160900;160907;TAGUAYA
16;161000;161001;CAPITAL PUNCERES
16;161000;161002;CACHIPO
16;161100;161101;CM SANTA BÁRBARA
16;161200;161201;CAPITAL SOTILLO
16;161200;161202;LOS BARRANCOS DE FAJARDO
16;161300;161301;CM URACOA
17;170100;170101;CM LA PLAZA DE PARAGUACHI
17;170200;170201;CM LA ASUNCIÓN
17;170300;170301;CAPITAL DÍAZ
17;170300;170302;ZABALA
17;170400;170401;CAPITAL GARCÍA
17;170400;170402;FRANCISCO FAJARDO
17;170500;170501;CAPITAL GÓMEZ
17;170500;170502;BOLÍVAR
17;170500;170503;GUEVARA
17;170500;170504;MATASIETE
17;170500;170505;SUCRE
17;170600;170601;CAPITAL MANEIRO
17;170600;170602;AGUIRRE
17;170700;170701;CAPITAL MARCANO
17;170700;170702;ADRIÁN
17;170800;170801;CM PORLAMAR
17;170900;170901;CAPITAL PENÍNSULA DE MACANAO
17;170900;170902;SAN FRANCISCO
17;171000;171001;CAPITAL TUBORES
17;171000;171002;LOS BARALES
17;171100;171101;CAPITAL VILLALBA
17;171100;171102;VICENTE FUENTES
18;180100;180101;CM AGUA BLANCA
18;180200;180201;CAPITAL ARAURE
18;180200;180202;RÍO ACARIGUA
18;180300;180301;CAPITAL ESTELLER
18;180300;180302;UVERAL
18;180400;180401;CAPITAL GUANARE
18;180400;180402;CÓRDOBA
18;180400;180403;SAN JOSÉ DE LA MONTAÑA
18;180400;180404;SAN JUAN DE GUANAGUANARE
18;180400;180405;VIRGEN DE LA COROMOTO
18;180500;180501;CAPITAL GUANARITO
18;180500;180502;TRINIDAD DE LA CAPILLA
18;180500;180503;DIVINA PASTORA
18;180600;180601;CAPITAL MONS. JOSÉ VICENTE DE UNDA
18;180600;180602;PEÑA BLANCA
18;180700;180701;CAPITAL OSPINO
18;180700;180702;APARICIÓN
18;180700;180703;LA ESTACIÓN
18;180800;180801;CAPITAL PÁEZ
18;180800;180802;PAYARA
18;180800;180803;PIMPINELA
18;180800;180804;RAMÓN PERAZA
18;180900;180901;CAPITAL PAPELÓN
18;180900;180902;CAÑO DELGADITO
18;181000;181001;CAPITAL SAN GENARO DE BOCONOITO
18;181000;181002;ANTOLÍN TOVAR
18;181100;181101;CAPITAL SAN RAFAEL DE ONOTO
18;181100;181102;SANTA FE
18;181100;181103;THERMO MORLÉS
18;181200;181201;CAPITAL SANTA ROSALÍA
18;181200;181202;FLORIDA
18;181300;181301;CAPITAL SUCRE
18;181300;181302;CONCEPCIÓN
18;181300;181303;SAN RAFAEL DE PALO ALZADO
18;181300;181304;UVENCIO ANTONIO VELÁSQUEZ
18;181300;181305;SAN JOSÉ DE SAGUAZ
18;181300;181306;VILLA ROSA
18;181400;181401;CAPITAL TURÍN
18;181400;181402;CANELONES
18;181400;181403;SANTA CRUZ
18;181400;181404;SAN ISIDRO LABRADOR
19;190100;190101;MARIÑO
19;190100;190102;RÓMULO GALLEGOS
19;190200;190201;SAN JOSÉ DE AEROCUAR
19;190200;190202;TAVERA ACOSTA
19;190300;190301;RÍO CARIBE
19;190300;190302;ANTONIO JOSÉ DE SUCRE
19;190300;190303;EL MORRO DE PUERTO SANTO
19;190300;190304;PUERTO SANTO
19;190300;190305;SAN JUAN DE LAS GALDONAS
19;190400;190401;EL PILAR
19;190400;190402;EL RINCÓN
19;190400;190403;GENERAL FRANCISCO ANTONIO VÁSQUEZ
19;190400;190404;GUARAINOS
19;190400;190405;TUNAPUICITO
19;190400;190406;UNIÓN
19;190500;190501;BOLÍVAR
19;190500;190502;MACARAPANA
19;190500;190503;SANTA CATALINA
19;190500;190504;SANTA ROSA
19;190500;190505;SANTA TERESA
19;190600;190601;CM MARIGUITAR
19;190700;190701;YAGUARAPARO
19;190700;190702;EL PAUJIL
19;190700;190703;LIBERTAD
19;190800;190801;ARAYA
19;190800;190802;CHACOPATA
19;190800;190803;MANICUARE
19;190900;190901;TUNAPUY
19;190900;190902;CAMPO ELÍAS
19;191000;191001;IRAPA
19;191000;191002;CAMPO CLARO
19;191000;191003;MARABAL
19;191000;191004;SAN ANTONIO DE IRAPA
19;191000;191005;SORO
19;191100;191101;CM SAN ANTONIO DEL GOLFO
19;191200;191201;CUMANACOA
19;191200;191202;ARENAS
19;191200;191203;ARICAGUA
19;191200;191204;COCOLLAR
19;191200;191205;SAN FERNANDO
19;191200;191206;SAN LORENZO
19;191300;191301;VILLA FRONTADO (MUELLE DE CARIACO)
19;191300;191302;CATUARO
19;191300;191303;RENDÓN
19;191300;191304;SANTA CRUZ
19;191300;191305;SANTA MARÍA
19;191400;191401;ALTAGRACIA
19;191400;191402;AYACUCHO
19;191400;191403;SANTA INÉS
19;191400;191404;VALENTÍN VALIENTE
19;191400;191405;SAN JUAN
19;191400;191406;RAÚL LEONI
19;191400;191407;GRAN MARISCAL
19;191500;191501;GUIRIA
19;191500;191502;BIDEAU
19;191500;191503;CRISTÓBAL COLÓN
19;191500;191504;PUNTA DE PIEDRAS
20;200100;200101;CM CORDERO
20;200200;200201; CM LAS MESAS
20;200300;200301;AYACUCHO
20;200300;200302;RIVAS BERTI
20;200300;200303;SAN PEDRO DEL RÍO
20;200400;200401;BOLÍVAR
20;200400;200402;PALOTAL
20;200400;200403;JUAN VICENTE GÓMEZ
20;200400;200404;ISAÍAS MEDINA ANGARITA
20;200500;200501;CÁRDENAS
20;200500;200502;AMENODORO RANGEL LAMÚS
20;200500;200503;LA FLORIDA
20;200600;200601;CM SANTA ANA DEL TÁCHIRA
20;200700;200701;FERNÁNDEZ FEO
20;200700;200702;ALBERTO ADRIANI
20;200700;200703;SANTO DOMINGO
20;200800;200801;CM SAN JOSÉ DE BOLÍVAR
20;200900;200901;GARCÍA DE HEVIA
20;200900;200902;BOCA DE GRITA
20;200900;200903;JOSÉ ANTONIO PÁEZ
20;201000;201001;CM PALMIRA
20;201100;201101;INDEPENDENCIA
20;201100;201102;JUAN GERMÁN ROSCIO
20;201100;201103;ROMÁN CÁRDENAS
20;201200;201201;JÁUREGUI
20;201200;201202;EMILIO CONSTANTINO GUERRERO
20;201200;201203;MONSEÑOR MIGUEL ANTONIO SALAS
20;201300;201301;CM EL COBRE
20;201400;201401;JUNÍN
20;201400;201402;LA PETRÓLEA
20;201400;201403;QUINIMARÍ
20;201400;201404;BRAMÓN
20;201500;201501;LIBERTAD
20;201500;201502;CIPRIANO CASTRO
20;201500;201503;MANUEL FELIPE RUGELES
20;201600;201601;LIBERTADOR
20;201600;201602;DON EMETERIO OCHOA
20;201600;201603;DORADAS
20;201600;201604;SAN JOAQUÍN DE NAVAY
20;201700;201701;LOBATERA
20;201700;201702;CONSTITUCIÓN
20;201800;201801; CM MICHELENA
20;201900;201901;PANAMERICANO
20;201900;201902;LA PALMITA
20;202000;202001;PEDRO MARÍA UREÑA
20;202000;202002;NUEVA ARCADIA
20;202000;202201;SAMUEL DARÍO MALDONADO
20;202000;202202;BOCONÓ
20;202000;202203;HERNÁNDEZ
20;202100;202101;CM DELICIAS
20;202200;202201;CM LA TENDIDA
20;202200;202202;BOCONÓ
20;202200;202203;HERNÁNDEZ
20;202300;202301;LA CONCORDIA
20;202300;202302;PEDRO MARÍA MORANTES
20;202300;202303;SAN JUAN BAUTISTA
20;202300;202304;SAN SEBASTIÁN
20;202400;202401;CM SEBORUCO
20;202500;202305;DR. FRANCISCO ROMERO LOBO
20;202600;202601;SUCRE
20;202600;202602;ELEAZAR LÓPEZ CONTRERAS
20;202600;202603;SAN PABLO
20;202700;202701;CM SAN JOSECITO
20;202800;202801; URIBANTE
20;202800;202802;CÁRDENAS
20;202800;202803;JUAN PABLO PEÑALOZA
20;202800;202804;POTOSÍ
20;202900;202901;CM UMUQUENA
21;210100;210101;SANTA ISABEL
21;210100;210102;ARAGUANEY
21;210100;210103;EL JAGUITO
21;210100;210104;LA ESPERANZA
21;210200;210201;BOCONÓ
21;210200;210202;EL CARMEN
21;210200;210203;MOSQUEY
21;210200;210204;AYACUCHO
21;210200;210205;BURBUSAY
21;210200;210206;GENERAL RIVAS
21;210200;210207;GUARAMACAL
21;210200;210208;VEGA DE GUARAMACAL
21;210200;210209;MONSEÑOR JÁUREGUI
21;210200;210210;RAFAEL RANGEL
21;210200;210211;SAN MIGUEL
21;210200;210212;SAN JOSÉ
21;210300;210301;SABANA GRANDE
21;210300;210302;CHEREGUE
21;210300;210303;GRANADOS
21;210400;210401;CHEJENDÉ
21;210400;210402;ARNOLDO GABALDÓN
21;210400;210403;BOLIVIA
21;210400;210404;CARRILLO
21;210400;210405;CEGARRA
21;210400;210406;MANUEL SALVADOR ULLOA
21;210400;210407;SAN JOSÉ
21;210500;210501;CARACHE
21;210500;210502;CUICAS
21;210500;210503;LA CONCEPCIÓN
21;210500;210504;PANAMERICANA
21;210500;210505;SANTA CRUZ
21;210600;210601;ESCUQUE
21;210600;210602;LA UNIÓN
21;210600;210603;SABANA LIBRE
21;210600;210604;SANTA RITA
21;210700;210701;EL SOCORRO
21;210700;210702;ANTONIO JOSÉ DE SUCRE
21;210700;210703;LOS CAPRICHOS
21;210800;210801;CAMPO ELÍAS
21;210800;210802;ARNOLDO GABALDÓN
21;210900;210901;SANTA APOLONIA
21;210900;210902;EL PROGRESO
21;210900;210903;LA CEIBA
21;210900;210904;TRES DE FEBRERO
21;211000;211001;EL DIVIDIVE
21;211000;211002;AGUA SANTA
21;211000;211003;AGUA CALIENTE
21;211000;211004;EL CENIZO
21;211000;211005;VALERITA
21;211100;211101;MONTE CARMELO
21;211100;211102;BUENA VISTA
21;211100;211103;SANTA MARÍA DEL HORCÓN
21;211200;211201;MOTATÁN
21;211200;211202;EL BAÑO
21;211200;211203;JALISCO
21;211300;211301;PAMPÁN
21;211300;211302;FLOR DE PATRIA
21;211300;211303;LA PAZ
21;211300;211304;SANTA ANA
21;211400;211401;PAMPANITO
21;211400;211402;LA CONCEPCIÓN
21;211400;211403;PAMPANITO II
21;211500;211501;BETIJOQUE
21;211500;211502;LA PUEBLITA
21;211500;211503;LOS CEDROS
21;211500;211504;JOSÉ GREGORIO HERNÁNDEZ
21;211600;211601;CARVAJAL
21;211600;211602;ANTONIO NICOLÁS BRICEÑO
21;211600;211603;CAMPO ALEGRE
21;211600;211604;JOSÉ LEONARDO SUÁREZ
21;211700;211701;SABANA DE MENDOZA
21;211700;211702;EL PARAÍ-SO
21;211700;211703;JUNÍN
21;211700;211704;VALMORE RODRÍGUEZ
21;211800;211801;ANDRÉS LINARES
21;211800;211802;CHIQUINQUIRÁ
21;211800;211803;CRISTÓBAL MENDOZA
21;211800;211804;CRUZ CARRILLO
21;211800;211805;MATRIZ
21;211800;211806;MONSEÑOR CARRILLO
21;211800;211807;TRES ESQUINAS
21;211900;211901;LA QUEBRADA
21;211900;211902;CABIMBÚ
21;211900;211903;JAJÍ
21;211900;211904;LA MESA
21;211900;211905;SANTIAGO
21;211900;211906;TUÑAME
21;212000;212001;JUAN IGNACIO MONTILLA
21;212000;212002;LA BEATRIZ
21;212000;212003;MERCEDES DÍAZ
21;212000;212004;SAN LUIS
21;212000;212005;LA PUERTA
21;212000;212006;MENDOZA
22;220100;220101;CM SAN PABLO
22;220200;220201;CM AROA
22;220300;220301;CAPITAL BRUZUAL
22;220300;220302;CAMPO ELÍAS
22;220400;220401;CM COCOROTE
22;220500;220501;CM INDEPENDENCIA
22;220600;220601;CM SABANA DE PARRA
22;220700;220701;CM BORAURE
22;220800;220801;CM YUMARE
22;220900;220901;CAPITAL NIRGUA
22;220900;220902;SALOM
22;220900;220903;TEMERLA
22;221000;221001;CAPITAL PEÑA
22;221000;221002;SAN ANDRÉS
22;221100;221101;CAPITAL SAN FELIPE
22;221100;221102;ALBARICO
22;221100;221103;SAN JAVIER
22;221200;221201;CM GUAMA
22;221300;221301;CM URACHICHE
22;221400;221401;CAPITAL VEROES
22;221400;221402;EL GUAYABO
23;230100;230101;ISLA DE TOAS
23;230100;230102;MONAGAS
23;230200;230201;GENERAL URDANETA
23;230200;230202;LIBERTADOR
23;230200;230203;MANUEL GUANIPA MATOS
23;230200;230204;MARCELINO BRICEÑO
23;230200;230205;PUEBLO NUEVO
23;230200;230206;SAN TIMOTEO
23;230300;230301;AMBROSIO
23;230300;230302;ARÍSTIDES CALVANI
23;230300;230303;CARMEN HERRERA
23;230300;230304;GERMAN RÍOS LINARES
23;230300;230305;JORGE HERNÁNDEZ
23;230300;230306;LA ROSA
23;230300;230307;PUNTA GORDA
23;230300;230308;RÓMULO BETANCOURT
23;230300;230309;SAN BENITO
23;230400;230401;ENCONTRADOS
23;230400;230402;UDON PÉREZ
23;230500;230501;MORALITO
23;230500;230502;SAN CARLOS DE ZULIA
23;230500;230503;SANTA BÁRBARA
23;230500;230504;SANTA CRUZ DEL ZULIA
23;230500;230505;URIBARRI
23;230600;230601;CARLOS QUEVEDO
23;230600;230602;FRANCISCO JAVIER PULGAR
23;230600;230603;SIMÓN RODRÍGUEZ
23;230700;230701;JOSÉ RAMÓN YÉPEZ
23;230700;230702;LA CONCEPCIÓN
23;230700;230703;MARIANO PARRA LEÓN
23;230700;230704;SAN JOSÉ
23;230800;230801;BARI
23;230800;230802;JESÚS MARÍA SEMPRÚN
23;230900;230901;ANDRÉS BELLO
23;230900;230902;CHIQUINQUIRÁ
23;230900;230903;CONCEPCIÓN
23;230900;230904;EL CARMELO
23;230900;230905;POTRERITOS
23;231000;231001;ALONSO DE OJEDA
23;231000;231002;CAMPO LARA
23;231000;231003;ELEAZAR LÓPEZ CONTRERAS
23;231000;231004;LIBERTAD
23;231000;231005;VENEZUELA
23;231100;231101;LIBERTAD
23;231100;231102;RÍO NEGRO
23;231100;231103;SAN JOSÉ DE PERIJÁ
23;231100;231104;BARTOLOMÉ DE LAS CASAS
23;231200;231201;LA SIERRITA
23;231200;231202;LAS PARCELAS
23;231200;231203;LUIS DE VICENTE
23;231200;231204;MONSEÑOR MARCOS SERGIO G
23;231200;231205;RICAURTE
23;231200;231206;SAN RAFAEL
23;231200;231207;TAMARE
23;231300;231301;ANTONIO BORJAS ROMERO
23;231300;231302;BOLÍVAR
23;231300;231303;CACIQUE MARA
23;231300;231304;CECILIO ACOSTA
23;231300;231305;CHIQUINQUIRÁ
23;231300;231306;COQUIVACOA
23;231300;231307;CRISTO DE ARANZA
23;231300;231308;FRANCISCO EUGENIO B
23;231300;231309;IDELFONZO VÁSQUEZ
23;231300;231310;JUANA DE ÁVILA
23;231300;231311;LUIS HURTADO HIGUERA
23;231300;231312;MANUEL DANIGNO
23;231300;231313;OLEGARIO VILLALOBOS
23;231300;231314;RAÚL LEONI
23;231300;231315;SAN ISIDRO
23;231300;231316;SANTA LUCÍA
23;231300;231317;VENANCIO PULGAR
23;231300;231318;CARACCIOLO PARRA PÉREZ
23;231400;231405;SAN JOSÉ
23;231500;231501;SINAMAICA
23;231500;231502;ALTA GUAJIRA
23;231500;231503;ELÍAS SÁNCHEZ RUBIO
23;231500;231504;GUAJIRA
23;231600;231601;EL ROSARIO
23;231600;231602;DONALDO GARCÍA
23;231600;231603;SIXTO ZAMBRANO
23;231700;231701;SAN FRANCISCO
23;231700;231702;EL BAJO
23;231700;231703;DOMITILA FLORES
23;231700;231704;FRANCISCO OCHOA
23;231700;231705;LOS CORTIJOS
23;231700;231706;MARCIAL HERNÁNDEZ
23;231700;231707;JOSÉ DOMINGO RUS
23;231800;231801;SANTA RITA
23;231800;231802;EL MENE
23;231800;231803;JOSÉ CENOVIO URRIBARRI
23;231800;231804;PEDRO LUCAS URRIBARRI
23;231900;231901;MANUEL MANRIQUE
23;231900;231902;RAFAEL MARÍA BARALT
23;231900;231903;RAFAEL URDANETA
23;232000;232001;BOBURES
23;232000;232002;EL BATEY
23;232000;232003;GIBRALTAR
23;232000;232004;HERAS
23;232000;232005;MONSEÑOR ARTURO CELESTINO ÁLVAREZ
23;232000;232006;RÓMULO GALLEGOS
23;232100;232101;LA VICTORIA
23;232100;232102;RAFAEL URDANETA
23;232100;232103;RAÚL CUENCA
24;240100;240101;CARABALLEDA
24;240100;240102;CARAYACA
24;240100;240103;CARUAO
24;240100;240104;CATIA LA MAR
24;240100;240105;EL JUNKO
24;240100;240106;LA GUAIRA
24;240100;240107;MACUTO
24;240100;240108;MAIQUETÍA
24;240100;240109;NAIGUATÁ
24;240100;240110;URIMARE
24;240100;240111;CARLOS SOUBLETTE
25;250100;250101;LOS ROQUES
25;250200;250201;LAS AVES
25;250300;250301;LA ORCHILA
26;260100;260101;OTRAS DEPENDENCIAS FEDERALES (P)
27;270100;270101;REGISTRO DE NORMALIZACIÓN (PARROQUIA)
